INSERT INTO
AUTOR (CD_AUTOR, NM_AUTOR)
VALUES
(1, 'Machado de Assis'),
(2, 'Jorge Amado'),
(3, 'Cecília Meireles'),
(4, 'Lima Barreto'),
(5, 'Aluísio Azevedo'),
(6, 'Clarice Lispector'),
(7, 'Oswald de Andrade'),
(8, 'Graciliano Ramos'),
(9, 'Rachel de Queiroz'),
(10, 'Cora Coralina');

INSERT INTO
GENERO (CD_GENERO, NM_GENERO)
VALUES (1, 'Romance'),
(2, 'Poema'),
(3, 'Conto'),
(4, 'Crônica'),
(5, 'Peça Teatral');

INSERT INTO
EDITORA (CD_EDITORA, NM_EDITORA)
VALUES (1, 'Ática'),
(2, 'Global'),
(3, 'Saraiva'),
(4, 'Record'),
(5, 'Companhia das Letras');

INSERT INTO LIVRO
(CD_LIVRO, NM_LIVRO, DS_RESUMO, NR_ISBN, NR_ANOPUBLICACAO, CD_EDITORA, CD_AUTOR, CD_GENERO)
VALUES
(1, 'Dom Casmurro', 'Em Dom Casmurro, o narrador Bento Santiago retoma a infância...', '978-0-0001', 2019, 5, 1, 1),
(2, 'Quincas Borba', 'O romance a ascensão social de Rubião que, após receber...', '978-0-0002', 2019, 5, 1, 1),
(3, 'Capitães da Areia', 'Desde o seu lançamento, em 1937, Capitães da Areia causou...', '978-0-0003', 2009, 2, 2, 1),
(4, 'Dona Flor e Seus Dois Maridos', 'O caso da viúva que se casa de novo e se vê dividida entre...', '978-0-0004', 2001, 2, 2, 1),
(5, 'Ou Isto Ou Aquilo', 'Ou isto ou aquilo é um clássico da literatura infantil brasileira. Desde...', '978-0-0005', 2014, 3, 3, 2),
(6, 'Poesia Completa', 'A Global Editora traz agora ao público leitor a Poesia Completa...', '978-0-0006', 2017, 2, 3, 2),
(7, 'Triste Fim de Policarpo Quaresma', 'Com uma literatura engajada e realista, Lima Barreto (1881-1922) compôs...', '978-0-0007', 2011, 5, 4, 1),
(8, 'Contos Completos', 'A importância de Lima Barreto (1881-1922) na literatura brasileira tem sido...', '978-0-0008', 2010, 4, 4, 3),
(9, 'Casa de Pensão', 'Casa de pensão (1884), romance de Aluísio Azevedo estruturado segundo os padrões...', '978-0-0009', 2022, 1, 5, 1),
(10, 'Casa de Orates', 'Aluísio Azevedo é considerado um dos maiores escritores da história do Brasil...', '978-0-0010', 1985, 2, 5, 5),
(11, 'A Hora da Estrela', 'Último livro escrito por Clarice Lispector, A hora da estrela é também uma despedida...', '978-0-0011', 2020, 5, 6, 1),
(12, 'Felicidade Clandestina', 'Desde o início, Clarice Lispector recusou a escravidão dos gêneros. Escrevia por...', '978-0-0012', 2020, 5, 6, 3),
(13, 'Poesias Reunidas', 'Considerado por Mário de Andrade como o mais curioso talvez dos modernistas brasileiros, Oswald...', '978-0-0013', 2016, 5, 7, 2),
(14, 'Memórias Sentimentais de João Miramar', 'Desde sua publicação, em 1924, Memórias sentimentais de João Miramar vem...', '978-0-0014', 2016, 5, 7, 2),
(15, 'Vidas Secas', 'Vidas secas é reconhecidamente o mais importante livro de Graciliano Ramos...', '978-0-0015', 2019, 4, 8, 1),
(16, 'Angústia', 'Lançado originalmente em 1936 e apresentado aqui em novo projeto gráfico, Angústia tem...', '978-0-0016', 2019, 4, 8, 1),
(17, 'Memorial de Maria Moura', 'O enredo começa com a visita de um padre, cujo nome é José Maria, a Maria Moura, que...', '978-0-0017', 2008, 1, 9, 1),
(18, 'As Três Marias', 'Publicada originalmente em 1939, a obra conta a história de três amigas inseparáveis...', '978-0-0018', 2018, 1, 9, 1),
(19, 'Poemas dos Becos de Goiás e Estórias Mais', 'Livro de estreia de Cora Coralina, publicado quando a autora tinha 75 anos...', '978-0-0019', 2014, 3, 10, 2),
(20, 'Melhores Poemas', 'Este Melhores Poemas Cora Coralina traz a seleção especial dos mais célebres poemas...', '978-0-0020', 2017, 3, 10, 2);

INSERT INTO EXEMPLAR
(CD_EXEMPLAR, NR_EXEMPLAR, CD_LIVRO)
VALUES (1, 1, 1),
(2, 2, 1),
(3, 3, 1),
(4, 4, 1),
(5, 5, 1),
(6, 1, 2),
(7, 2, 2),
(8, 3, 2),
(9, 4, 2),
(10, 5, 2),
(11, 1, 3),
(12, 2, 3),
(13, 3, 3),
(14, 4, 3),
(15, 5, 3),
(16, 1, 4),
(17, 2, 4),
(18, 3, 4),
(19, 4, 4),
(20, 5, 4),
(21, 1, 5),
(22, 2, 5),
(23, 3, 5),
(24, 4, 5),
(25, 5, 5),
(26, 1, 6),
(27, 2, 6),
(28, 3, 6),
(29, 4, 6),
(30, 5, 6),
(31, 1, 7),
(32, 2, 7),
(33, 3, 7),
(34, 4, 7),
(35, 5, 7),
(36, 1, 8),
(37, 2, 8),
(38, 3, 8),
(39, 1, 9),
(40, 2, 9),
(41, 3, 9),
(42, 1, 10),
(43, 2, 10),
(44, 3, 10),
(45, 1, 11),
(46, 2, 11),
(47, 3, 11),
(48, 1, 12),
(49, 2, 12),
(50, 3, 12),
(51, 1, 13),
(52, 2, 13),
(53, 3, 13),
(54, 1, 14),
(55, 2, 14),
(56, 3, 14),
(57, 1, 15),
(58, 2, 15),
(59, 3, 15),
(60, 1, 16),
(61, 1, 17),
(62, 1, 18),
(63, 1, 19),
(64, 1, 20);

INSERT INTO LOCALIZACAOLIVRO
(CD_EXEMPLAR, CD_LIVRO, NR_FILEIRA, DS_LADO, NR_ANDAR)
VALUES (36, 8, 1, 'A', 1),
(37, 8, 1, 'A', 1),
(38, 8, 1, 'A', 1),
(39, 9, 1, 'A', 1),
(40, 9, 1, 'A', 1),
(41, 9, 1, 'A', 1),
(42, 10, 1, 'A', 2),
(43, 10, 1, 'A', 2),
(44, 10, 1, 'A', 2),
(45, 11, 1, 'A', 2),
(46, 11, 1, 'A', 2),
(47, 11, 1, 'A', 2),
(48, 12, 1, 'B', 1),
(49, 12, 1, 'B', 1),
(50, 12, 1, 'B', 1),
(51, 13, 1, 'B', 1),
(52, 13, 1, 'B', 1),
(53, 13, 1, 'B', 1),
(54, 14, 1, 'B', 2),
(55, 14, 1, 'B', 2),
(56, 14, 1, 'B', 2),
(57, 15, 1, 'B', 2),
(58, 15, 1, 'B', 2),
(59, 15, 1, 'B', 2),
(31, 7, 2, 'A', 1),
(32, 7, 2, 'A', 1),
(33, 7, 2, 'A', 1),
(34, 7, 2, 'A', 1),
(35, 7, 2, 'A', 1),
(26, 6, 2, 'A', 2),
(27, 6, 2, 'A', 2),
(28, 6, 2, 'A', 2),
(29, 6, 2, 'A', 2),
(30, 6, 2, 'A', 2),
(21, 5, 2, 'B', 1),
(22, 5, 2, 'B', 1),
(23, 5, 2, 'B', 1),
(24, 5, 2, 'B', 1),
(25, 5, 2, 'B', 1),
(16, 4, 2, 'B', 2),
(17, 4, 2, 'B', 2),
(18, 4, 2, 'B', 2),
(19, 4, 2, 'B', 2),
(20, 4, 2, 'B', 2),
(11, 3, 3, 'A', 1),
(12, 3, 3, 'A', 1),
(13, 3, 3, 'A', 1),
(14, 3, 3, 'A', 1),
(15, 3, 3, 'A', 1),
(6, 2, 3, 'A', 2),
(7, 2, 3, 'A', 2),
(8, 2, 3, 'A', 2),
(9, 2, 3, 'A', 2),
(10, 2, 3, 'A', 2),
(1, 1, 3, 'B', 1),
(2, 1, 3, 'B', 1),
(3, 1, 3, 'B', 1),
(4, 1, 3, 'B', 1),
(5, 1, 3, 'B', 1),
(60, 16, 3, 'B', 2),
(61, 17, 3, 'B', 2),
(62, 18, 3, 'B', 2),
(63, 19, 3, 'B', 2),
(64, 20, 3, 'B', 2);
